Rank,Title,Brand,Price
1,Apple AirTag,"4.7 out of 5 stars 99,712",$29.00
2,"Apple AirPods (2nd Generation) Wireless Earbuds with Lightning Charging Case Included. Over 24 Hours of Battery Life, Effortless Setup. Bluetooth Headphones for iPhone","4.8 out of 5 stars 560,358",$99.00
3,"Apple EarPods Headphones with Lightning Connector. Microphone with Built-in Remote to Control Music, Phone Calls, and Volume. Wired Earbuds for iPhone","4.6 out of 5 stars 191,688",$17.63
4,"Apple AirPods Pro (2nd Generation) Wireless Earbuds, Up to 2X More Active Noise Cancelling, Adaptive Transparency, Personalized Spatial Audio, MagSafe Charging Case, Bluetooth Headphones for iPhone","4.7 out of 5 stars 15,233",$229.00
5,Apple AirTag 4 Pack,"4.8 out of 5 stars 50,419",$99.00
6,"Fire TV Stick 4K, brilliant 4K streaming quality, TV and smart home controls, free and live TV","4.7 out of 5 stars 215,727",$49.99
7,"Apple 2021 10.2-inch iPad (Wi-Fi, 64GB) - Silver","4.8 out of 5 stars 37,904",$269.00
8,Apple Lightning to 3.5 mm Headphone Jack Adapter,"4.7 out of 5 stars 211,335",$7.99
9,"Ring Video Doorbell - 1080p HD video, improved motion detection, easy installation – Satin Nickel","4.7 out of 5 stars 146,150",$99.99
10,"Fire TV Stick 4K Max streaming device, Wi-Fi 6, Alexa Voice Remote (includes TV controls)","4.7 out of 5 stars 107,035",$54.99
11,"(Pack of 2) Replaced Remote Control Only for Roku TV, Compatible for TCL Roku/Hisense Roku/Onn Roku/Sharp Roku/Element Roku/Westinghouse Roku/Philips Roku Series Smart TVs (Not for Roku Stick and Box)","4.5 out of 5 stars 8,937",$12.57
12,"Apple Watch Series 8 [GPS 45mm] Smart Watch w/ Midnight Aluminum Case with Midnight Sport Band - M/L. Fitness Tracker, Blood Oxygen & ECG Apps, Always-On Retina Display, Water Resistant",4.7 out of 5 stars 579,4 offers from $429.07
13,"Kindle Paperwhite (8 GB) – Now with a 6.8"" display and adjustable warm light – Black","4.7 out of 5 stars 25,001",$139.99
14,USB Wall Charger Surge Protector 5 Outlet Extender with 4 USB Charging Ports ( 1 USB C Outlet) 3 Sided 1800J Power Strip Multi Plug Outlets Wall Adapter Spaced for Home Travel Office ETL Listed,"4.8 out of 5 stars 36,722",$12.91
15,TOZO T10 Bluetooth 5.3 Wireless Earbuds with Wireless Charging Case IPX8 Waterproof Stereo Headphones in Ear Built in Mic Headset Premium Sound with Deep Bass for Sport Black (2022 Upgraded),"4.3 out of 5 stars 340,028",$18.99
16,"Echo Show 8 (2nd Gen, 2021 release) | HD smart display with Alexa and 13 MP camera | Charcoal","4.7 out of 5 stars 61,112",$74.99
17,"Roku Express (New, 2022) HD Streaming Device with High-Speed HDMI Cable and Simple Remote (no TV controls), Guided Setup, and Fast Wi-Fi","4.7 out of 5 stars 5,066",$29.99
18,"USB Wall Charger, Surge Protector, QINLIANF 5 Outlet Extender with 4 USB Charging Ports ( 4.8A Total) 3-Sided 1680J Power Strip Multi Plug Outlets Wall Adapter Spaced for Home Travel Office (3U1C)","4.7 out of 5 stars 31,985",$15.97
19,"Amazon Fire HD 8 tablet, 8"" HD display, 64 GB, (2020 release), designed for portable entertainment, Black","4.6 out of 5 stars 169,676",$59.99
20,"Apple EarPods Headphones with 3.5mm Plug. Microphone with Built-in Remote to Control Music, Phone Calls, and Volume. Wired Earbuds","4.6 out of 5 stars 61,622",$16.99
21,TOZO T6 True Wireless Earbuds Bluetooth 5.3 Headphones Touch Control with Wireless Charging Case IPX8 Waterproof Stereo Earphones in-Ear Built-in Mic Headset Premium Deep Bass Black (2022 Upgraded),"4.4 out of 5 stars 240,421",$26.99
22,"Roku Express 4K+ | Streaming Media Player HD/4K/HDR with Smooth Wireless Streaming and Roku Voice Remote with TV Controls, Includes Premium HDMI® Cable","4.7 out of 5 stars 48,271",$39.99
23,"All-New Echo Dot (5th Gen, 2022 release) with clock | Smart speaker with clock and Alexa | Glacier White","4.7 out of 5 stars 12,164",$59.99
24,Fujifilm Instax Mini Instant Film Twin Pack (White),"4.8 out of 5 stars 106,974",$13.98
25,"6 Ft Surge Protector Power Strip - 8 Widely Outlets with 4 USB Ports, 3 Side Outlet Extender with 6 Feet Extension Cord, Flat Plug, Wall Mount, Desk USB Charging Station, ETL ,White","4.7 out of 5 stars 6,141",$12.99
26,"Surge Protector Power Strip - 8 Widely Outlets with 4 USB Charging Ports, 3 Side Outlet Extender with 5Ft Braided Extension Cord, Flat Plug, Wall Mount, Desk USB Charging Station for Home Office ETL","4.8 out of 5 stars 20,170",$15.99
27,"Apple Watch Series 8 [GPS 41mm] Smart Watch w/ Midnight Aluminum Case with Midnight Sport Band - S/M. Fitness Tracker, Blood Oxygen & ECG Apps, Always-On Retina Display, Water Resistant",4.6 out of 5 stars 566,$389.00
28,"Amazon Fire 7 Kids tablet, ages 3-7. Top-selling 7"" kids tablet on Amazon - 2022. Set time limits, age filters, educational goals, and more with parental controls, Blue","4.6 out of 5 stars 5,998",$109.99
29,JLab JBuds Frames Wireless Open-Ear Audio for Your Glasses | 8-hour Bluetooth Playtime,3.8 out of 5 stars 821,$19.99
30,"USB 3.0 Hub, VIENON 4-Port USB Hub USB Splitter USB Expander for Laptop, Xbox, Flash Drive, HDD, Console, Printer, Camera,Keyborad, Mouse","4.4 out of 5 stars 1,331",$7.99
